{
    "阿鲁": {
        "type": "image",
        "container": [
            {
                "icon": "emoji/aru/E9AB98E585B4_2x.png",
                "data": ":@(高兴)",
                "text": "高兴"
            },
            {
                "icon": "emoji/aru/E5B08FE68092_2x.png",
                "data": ":@(小怒)",
                "text": "小怒"
            },
            {
                "icon": "emoji/aru/E884B8E7BAA2_2x.png",
                "data": ":@(脸红)",
                "text": "脸红"
            },
            {
                "icon": "emoji/aru/E58685E4BCA4_2x.png",
                "data": ":@(内伤)",
                "text": "内伤"
            },
            {
                "icon": "emoji/aru/E8A385E5A4A7E6ACBE_2x.png",
                "data": ":@(装大款)",
                "text": "装大款"
            },
            {
                "icon": "emoji/aru/E8B59EE4B880E4B8AA_2x.png",
                "data": ":@(赞一个)",
                "text": "赞一个"
            },
            {
                "icon": "emoji/aru/E5AEB3E7BE9E_2x.png",
                "data": ":@(害羞)",
                "text": "害羞"
            },
            {
                "icon": "emoji/aru/E6B197_2x.png",
                "data": ":@(汗)",
                "text": "汗"
            },
            {
                "icon": "emoji/aru/E59090E8A180E58092E59CB0_2x.png",
                "data": ":@(吐血倒地)",
                "text": "吐血倒地"
            },
            {
                "icon": "emoji/aru/E6B7B1E6809D_2x.png",
                "data": ":@(深思)",
                "text": "深思"
            },
            {
                "icon": "emoji/aru/E4B88DE9AB98E585B4_2x.png",
                "data": ":@(不高兴)",
                "text": "不高兴"
            },
            {
                "icon": "emoji/aru/E697A0E8AFAD_2x.png",
                "data": ":@(无语)",
                "text": "无语"
            },
            {
                "icon": "emoji/aru/E4BAB2E4BAB2_2x.png",
                "data": ":@(亲亲)",
                "text": "亲亲"
            },
            {
                "icon": "emoji/aru/E58FA3E6B0B4_2x.png",
                "data": ":@(口水)",
                "text": "口水"
            },
            {
                "icon": "emoji/aru/E5B0B4E5B0AC_2x.png",
                "data": ":@(尴尬)",
                "text": "尴尬"
            },
            {
                "icon": "emoji/aru/E4B8ADE68C87_2x.png",
                "data": ":@(中指)",
                "text": "中指"
            },
            {
                "icon": "emoji/aru/E683B3E4B880E683B3_2x.png",
                "data": ":@(想一想)",
                "text": "想一想"
            },
            {
                "icon": "emoji/aru/E593ADE6B3A3_2x.png",
                "data": ":@(哭泣)",
                "text": "哭泣"
            },
            {
                "icon": "emoji/aru/E4BEBFE4BEBF_2x.png",
                "data": ":@(便便)",
                "text": "便便"
            },
            {
                "icon": "emoji/aru/E78CAEE88AB1_2x.png",
                "data": ":@(献花)",
                "text": "献花"
            },
            {
                "icon": "emoji/aru/E79AB1E79C89_2x.png",
                "data": ":@(皱眉)",
                "text": "皱眉"
            },
            {
                "icon": "emoji/aru/E582BBE7AC91_2x.png",
                "data": ":@(傻笑)",
                "text": "傻笑"
            },
            {
                "icon": "emoji/aru/E78B82E6B197_2x.png",
                "data": ":@(狂汗)",
                "text": "狂汗"
            },
            {
                "icon": "emoji/aru/E59090_2x.png",
                "data": ":@(吐)",
                "text": "吐"
            },
            {
                "icon": "emoji/aru/E596B7E6B0B4_2x.png",
                "data": ":@(喷水)",
                "text": "喷水"
            },
            {
                "icon": "emoji/aru/E79C8BE4B88DE8A781_2x.png",
                "data": ":@(看不见)",
                "text": "看不见"
            },
            {
                "icon": "emoji/aru/E9BC93E68E8C_2x.png",
                "data": ":@(鼓掌)",
                "text": "鼓掌"
            },
            {
                "icon": "emoji/aru/E998B4E69A97_2x.png",
                "data": ":@(阴暗)",
                "text": "阴暗"
            },
            {
                "icon": "emoji/aru/E995BFE88D89_2x.png",
                "data": ":@(长草)",
                "text": "长草"
            },
            {
                "icon": "emoji/aru/E78CAEE9BB84E7939C_2x.png",
                "data": ":@(献黄瓜)",
                "text": "献黄瓜"
            },
            {
                "icon": "emoji/aru/E982AAE681B6_2x.png",
                "data": ":@(邪恶)",
                "text": "邪恶"
            },
            {
                "icon": "emoji/aru/E69C9FE5BE85_2x.png",
                "data": ":@(期待)",
                "text": "期待"
            },
            {
                "icon": "emoji/aru/E5BE97E6848F_2x.png",
                "data": ":@(得意)",
                "text": "得意"
            },
            {
                "icon": "emoji/aru/E59090E8888C_2x.png",
                "data": ":@(吐舌)",
                "text": "吐舌"
            },
            {
                "icon": "emoji/aru/E596B7E8A180_2x.png",
                "data": ":@(喷血)",
                "text": "喷血"
            },
            {
                "icon": "emoji/aru/E697A0E68980E8B093_2x.png",
                "data": ":@(无所谓)",
                "text": "无所谓"
            },
            {
                "icon": "emoji/aru/E8A782E5AF9F_2x.png",
                "data": ":@(观察)",
                "text": "观察"
            },
            {
                "icon": "emoji/aru/E69A97E59CB0E8A782E5AF9F_2x.png",
                "data": ":@(暗地观察)",
                "text": "暗地观察"
            },
            {
                "icon": "emoji/aru/E882BFE58C85_2x.png",
                "data": ":@(肿包)",
                "text": "肿包"
            },
            {
                "icon": "emoji/aru/E4B8ADE69EAA_2x.png",
                "data": ":@(中枪)",
                "text": "中枪"
            },
            {
                "icon": "emoji/aru/E5A4A7E59BA7_2x.png",
                "data": ":@(大囧)",
                "text": "大囧"
            },
            {
                "icon": "emoji/aru/E591B2E78999_2x.png",
                "data": ":@(呲牙)",
                "text": "呲牙"
            },
            {
                "icon": "emoji/aru/E68AA0E9BCBB_2x.png",
                "data": ":@(抠鼻)",
                "text": "抠鼻"
            },
            {
                "icon": "emoji/aru/E4B88DE8AFB4E8AF9D_2x.png",
                "data": ":@(不说话)",
                "text": "不说话"
            },
            {
                "icon": "emoji/aru/E592BDE6B094_2x.png",
                "data": ":@(咽气)",
                "text": "咽气"
            },
            {
                "icon": "emoji/aru/E6ACA2E591BC_2x.png",
                "data": ":@(欢呼)",
                "text": "欢呼"
            },
            {
                "icon": "emoji/aru/E99481E79C89_2x.png",
                "data": ":@(锁眉)",
                "text": "锁眉"
            },
            {
                "icon": "emoji/aru/E89CA1E7839B_2x.png",
                "data": ":@(蜡烛)",
                "text": "蜡烛"
            },
            {
                "icon": "emoji/aru/E59D90E7AD89_2x.png",
                "data": ":@(坐等)",
                "text": "坐等"
            },
            {
                "icon": "emoji/aru/E587BBE68E8C_2x.png",
                "data": ":@(击掌)",
                "text": "击掌"
            },
            {
                "icon": "emoji/aru/E6838AE5969C_2x.png",
                "data": ":@(惊喜)",
                "text": "惊喜"
            },
            {
                "icon": "emoji/aru/E5969CE69E81E8808CE6B3A3_2x.png",
                "data": ":@(喜极而泣)",
                "text": "喜极而泣"
            },
            {
                "icon": "emoji/aru/E68ABDE7839F_2x.png",
                "data": ":@(抽烟)",
                "text": "抽烟"
            },
            {
                "icon": "emoji/aru/E4B88DE587BAE68980E69699_2x.png",
                "data": ":@(不出所料)",
                "text": "不出所料"
            },
            {
                "icon": "emoji/aru/E684A4E68092_2x.png",
                "data": ":@(愤怒)",
                "text": "愤怒"
            },
            {
                "icon": "emoji/aru/E697A0E5A588_2x.png",
                "data": ":@(无奈)",
                "text": "无奈"
            },
            {
                "icon": "emoji/aru/E9BB91E7BABF_2x.png",
                "data": ":@(黑线)",
                "text": "黑线"
            },
            {
                "icon": "emoji/aru/E68A95E9998D_2x.png",
                "data": ":@(投降)",
                "text": "投降"
            },
            {
                "icon": "emoji/aru/E79C8BE783ADE997B9_2x.png",
                "data": ":@(看热闹)",
                "text": "看热闹"
            },
            {
                "icon": "emoji/aru/E68987E880B3E58589_2x.png",
                "data": ":@(扇耳光)",
                "text": "扇耳光"
            },
            {
                "icon": "emoji/aru/E5B08FE79CBCE79D9B_2x.png",
                "data": ":@(小眼睛)",
                "text": "小眼睛"
            },
            {
                "icon": "emoji/aru/E4B8ADE58880_2x.png",
                "data": ":@(中刀)",
                "text": "中刀"
            }
        ]
    },
    "泡泡": {
        "type": "image",
        "container": [
            {
                "icon": "emoji/paopao/E591B5E591B5_2x.png",
                "data": "::(呵呵)",
                "text": "呵呵"
            },
            {
                "icon": "emoji/paopao/E59388E59388_2x.png",
                "data": "::(哈哈)",
                "text": "哈哈"
            },
            {
                "icon": "emoji/paopao/E59090E8888C_2x.png",
                "data": "::(吐舌)",
                "text": "吐舌"
            },
            {
                "icon": "emoji/paopao/E5A4AAE5BC80E5BF83_2x.png",
                "data": "::(太开心)",
                "text": "太开心"
            },
            {
                "icon": "emoji/paopao/E7AC91E79CBC_2x.png",
                "data": "::(笑眼)",
                "text": "笑眼"
            },
            {
                "icon": "emoji/paopao/E88AB1E5BF83_2x.png",
                "data": "::(花心)",
                "text": "花心"
            },
            {
                "icon": "emoji/paopao/E5B08FE4B996_2x.png",
                "data": "::(小乖)",
                "text": "小乖"
            },
            {
                "icon": "emoji/paopao/E4B996_2x.png",
                "data": "::(乖)",
                "text": "乖"
            },
            {
                "icon": "emoji/paopao/E68D82E598B4E7AC91_2x.png",
                "data": "::(捂嘴笑)",
                "text": "捂嘴笑"
            },
            {
                "icon": "emoji/paopao/E6BB91E7A8BD_2x.png",
                "data": "::(滑稽)",
                "text": "滑稽"
            },
            {
                "icon": "emoji/paopao/E4BDA0E68782E79A84_2x.png",
                "data": "::(你懂的)",
                "text": "你懂的"
            },
            {
                "icon": "emoji/paopao/E4B88DE9AB98E585B4_2x.png",
                "data": "::(不高兴)",
                "text": "不高兴"
            },
            {
                "icon": "emoji/paopao/E68092_2x.png",
                "data": "::(怒)",
                "text": "怒"
            },
            {
                "icon": "emoji/paopao/E6B197_2x.png",
                "data": "::(汗)",
                "text": "汗"
            },
            {
                "icon": "emoji/paopao/E9BB91E7BABF_2x.png",
                "data": "::(黑线)",
                "text": "黑线"
            },
            {
                "icon": "emoji/paopao/E6B3AA_2x.png",
                "data": "::(泪)",
                "text": "泪"
            },
            {
                "icon": "emoji/paopao/E79C9FE6A392_2x.png",
                "data": "::(真棒)",
                "text": "真棒"
            },
            {
                "icon": "emoji/paopao/E596B7_2x.png",
                "data": "::(喷)",
                "text": "喷"
            },
            {
                "icon": "emoji/paopao/E6838AE593AD_2x.png",
                "data": "::(惊哭)",
                "text": "惊哭"
            },
            {
                "icon": "emoji/paopao/E998B4E999A9_2x.png",
                "data": "::(阴险)",
                "text": "阴险"
            },
            {
                "icon": "emoji/paopao/E98499E8A786_2x.png",
                "data": "::(鄙视)",
                "text": "鄙视"
            },
            {
                "icon": "emoji/paopao/E985B7_2x.png",
                "data": "::(酷)",
                "text": "酷"
            },
            {
                "icon": "emoji/paopao/E5958A_2x.png",
                "data": "::(啊)",
                "text": "啊"
            },
            {
                "icon": "emoji/paopao/E78B82E6B197_2x.png",
                "data": "::(狂汗)",
                "text": "狂汗"
            },
            {
                "icon": "emoji/paopao/what_2x.png",
                "data": "::(what)",
                "text": "what"
            },
            {
                "icon": "emoji/paopao/E79691E997AE_2x.png",
                "data": "::(疑问)",
                "text": "疑问"
            },
            {
                "icon": "emoji/paopao/E985B8E788BD_2x.png",
                "data": "::(酸爽)",
                "text": "酸爽"
            },
            {
                "icon": "emoji/paopao/E59180E592A9E788B9_2x.png",
                "data": "::(呀咩爹)",
                "text": "呀咩爹"
            },
            {
                "icon": "emoji/paopao/E5A794E5B188_2x.png",
                "data": "::(委屈)",
                "text": "委屈"
            },
            {
                "icon": "emoji/paopao/E6838AE8AEB6_2x.png",
                "data": "::(惊讶)",
                "text": "惊讶"
            },
            {
                "icon": "emoji/paopao/E79DA1E8A789_2x.png",
                "data": "::(睡觉)",
                "text": "睡觉"
            },
            {
                "icon": "emoji/paopao/E7AC91E5B0BF_2x.png",
                "data": "::(笑尿)",
                "text": "笑尿"
            },
            {
                "icon": "emoji/paopao/E68C96E9BCBB_2x.png",
                "data": "::(挖鼻)",
                "text": "挖鼻"
            },
            {
                "icon": "emoji/paopao/E59090_2x.png",
                "data": "::(吐)",
                "text": "吐"
            },
            {
                "icon": "emoji/paopao/E78A80E588A9_2x.png",
                "data": "::(犀利)",
                "text": "犀利"
            },
            {
                "icon": "emoji/paopao/E5B08FE7BAA2E884B8_2x.png",
                "data": "::(小红脸)",
                "text": "小红脸"
            },
            {
                "icon": "emoji/paopao/E68792E5BE97E79086_2x.png",
                "data": "::(懒得理)",
                "text": "懒得理"
            },
            {
                "icon": "emoji/paopao/E58B89E5BCBA_2x.png",
                "data": "::(勉强)",
                "text": "勉强"
            },
            {
                "icon": "emoji/paopao/E788B1E5BF83_2x.png",
                "data": "::(爱心)",
                "text": "爱心"
            },
            {
                "icon": "emoji/paopao/E5BF83E7A28E_2x.png",
                "data": "::(心碎)",
                "text": "心碎"
            },
            {
                "icon": "emoji/paopao/E78EABE791B0_2x.png",
                "data": "::(玫瑰)",
                "text": "玫瑰"
            },
            {
                "icon": "emoji/paopao/E7A4BCE789A9_2x.png",
                "data": "::(礼物)",
                "text": "礼物"
            },
            {
                "icon": "emoji/paopao/E5BDA9E899B9_2x.png",
                "data": "::(彩虹)",
                "text": "彩虹"
            },
            {
                "icon": "emoji/paopao/E5A4AAE998B3_2x.png",
                "data": "::(太阳)",
                "text": "太阳"
            },
            {
                "icon": "emoji/paopao/E6989FE6989FE69C88E4BAAE_2x.png",
                "data": "::(星星月亮)",
                "text": "星星月亮"
            },
            {
                "icon": "emoji/paopao/E992B1E5B881_2x.png",
                "data": "::(钱币)",
                "text": "钱币"
            },
            {
                "icon": "emoji/paopao/E88CB6E69DAF_2x.png",
                "data": "::(茶杯)",
                "text": "茶杯"
            },
            {
                "icon": "emoji/paopao/E89B8BE7B395_2x.png",
                "data": "::(蛋糕)",
                "text": "蛋糕"
            },
            {
                "icon": "emoji/paopao/E5A4A7E68B87E68C87_2x.png",
                "data": "::(大拇指)",
                "text": "大拇指"
            },
            {
                "icon": "emoji/paopao/E8839CE588A9_2x.png",
                "data": "::(胜利)",
                "text": "胜利"
            },
            {
                "icon": "emoji/paopao/haha_2x.png",
                "data": "::(haha)",
                "text": "haha"
            },
            {
                "icon": "emoji/paopao/OK_2x.png",
                "data": "::(OK)",
                "text": "OK"
            },
            {
                "icon": "emoji/paopao/E6B299E58F91_2x.png",
                "data": "::(沙发)",
                "text": "沙发"
            },
            {
                "icon": "emoji/paopao/E6898BE7BAB8_2x.png",
                "data": "::(手纸)",
                "text": "手纸"
            },
            {
                "icon": "emoji/paopao/E9A699E89589_2x.png",
                "data": "::(香蕉)",
                "text": "香蕉"
            },
            {
                "icon": "emoji/paopao/E4BEBFE4BEBF_2x.png",
                "data": "::(便便)",
                "text": "便便"
            },
            {
                "icon": "emoji/paopao/E88DAFE4B8B8_2x.png",
                "data": "::(药丸)",
                "text": "药丸"
            },
            {
                "icon": "emoji/paopao/E7BAA2E9A286E5B7BE_2x.png",
                "data": "::(红领巾)",
                "text": "红领巾"
            },
            {
                "icon": "emoji/paopao/E89CA1E7839B_2x.png",
                "data": "::(蜡烛)",
                "text": "蜡烛"
            },
            {
                "icon": "emoji/paopao/E99FB3E4B990_2x.png",
                "data": "::(音乐)",
                "text": "音乐"
            },
            {
                "icon": "emoji/paopao/E781AFE6B3A1_2x.png",
                "data": "::(灯泡)",
                "text": "灯泡"
            },
            {
                "icon": "emoji/paopao/E5BC80E5BF83_2x.png",
                "data": "::(开心)",
                "text": "开心"
            },
            {
                "icon": "emoji/paopao/E992B1_2x.png",
                "data": "::(钱)",
                "text": "钱"
            },
            {
                "icon": "emoji/paopao/E592A6_2x.png",
                "data": "::(咦)",
                "text": "咦"
            },
            {
                "icon": "emoji/paopao/E591BC_2x.png",
                "data": "::(呼)",
                "text": "呼"
            },
            {
                "icon": "emoji/paopao/E586B7_2x.png",
                "data": "::(冷)",
                "text": "冷"
            },
            {
                "icon": "emoji/paopao/E7949FE6B094_2x.png",
                "data": "::(生气)",
                "text": "生气"
            },
            {
                "icon": "emoji/paopao/E5BCB1_2x.png",
                "data": "::(弱)",
                "text": "弱"
            }
        ]
    },
    "卡哇伊": {
        "type": "image",
        "container": [
            {
                "icon": "emoji/kawayi/可爱1.png",
                "data": "::(可爱1)",
                "text": "可爱1"
            },
            {
                "icon": "emoji/kawayi/含棍棍.png",
                "data": "::(含棍棍)",
                "text": "含棍棍"
            },
            {
                "icon": "emoji/kawayi/喝水水.png",
                "data": "::(喝水水)",
                "text": "喝水水"
            },
            {
                "icon": "emoji/kawayi/发呆.png",
                "data": "::(发呆)",
                "text": "发呆"
            },
            {
                "icon": "emoji/kawayi/无辜.png",
                "data": "::(无辜)",
                "text": "无辜"
            },
            {
                "icon": "emoji/kawayi/装B.png",
                "data": "::(装B)",
                "text": "装B"
            }

        ]
    },
  "蛆音娘": {
    "type": "image",
    "container": [
      {
        "icon": "emoji/quyin/hematemesis.png",
        "data": "::(hematemesis)",        
        "text": "hematemesis"
      },
      {
        "icon": "emoji/quyin/1huaji.png",
        "data": "::(1huaji)",             
        "text": "1huaji"
      },
      {
        "icon": "emoji/quyin/amazing.png",
        "data": "::(amazing)",             
        "text": "amazing"
      },
      {
        "icon": "emoji/quyin/angry.png",
        "data": "::(angry)",             
        "text": "angry"
      },
      {
        "icon": "emoji/quyin/cry.png",
         "data": "::(cry)",        
        "text": "cry"
      },
      {
        "icon": "emoji/quyin/die.png",
         "data": "::(die)",        
        "text": "die"
      },
      {
        "icon": "emoji/quyin/doubt.png",
         "data": "::(doubt)",        
        "text": "doubt"
      },
      {
        "icon": "emoji/quyin/feizao.png",
         "data": "::(feizao)",
        "text": "feizao"
      },
      {
        "icon": "emoji/quyin/fue.png",
        "data": "::(fue)",
        "text": "fue"
      },
      {
        "icon": "emoji/quyin/heng.png",
        "data": "::(heng)",
        "text": "heng"
      },
      {
        "icon": "emoji/quyin/laughing.png",
        "data": "::(laughing)",
        "text": "laughing"
      },
      {
        "icon": "emoji/quyin/look.png",
        "data": "::(look)",
        "text": "look"
      },
      {
        "icon": "emoji/quyin/maimeng.png",
        "data": "::(maimeng)",
        "text": "maimeng"
      },
      {
        "icon": "emoji/quyin/OK.png",
        "data": "::(OK)",
        "text": "OK"
      },
      {
        "icon": "emoji/quyin/scare.png",
        "data": "::(scare)",
        "text": "scare"
      },
      {
        "icon": "emoji/quyin/shakinghead.png",
        "data": "::(shakinghead)",
        "text": "shakinghead"
      },
      {
        "icon": "emoji/quyin/sleep.png",
        "data": "::(sleep)",
        "text": "sleep"
      },
      {
        "icon": "emoji/quyin/speechless.png",
        "data": "::(speechless)",
        "text": "speechless"
      },
      {
        "icon": "emoji/quyin/watermaleon.png",
        "data": "::(watermaleon)",
        "text": "watermaleon"
      },
      {
        "icon": "emoji/quyin/witty.png",
        "data": "::(witty)",
        "text": "witty"
      }
    ]
},
"B站":{
    "type": "image",
    "container":[
        {
            "icon": "emoji/BZ/33_yiwen.png",
            "data": "::(33_yiwen)",            
            "text": "33_yiwen"
        },{
            "icon": "emoji/BZ/22_yiwen.png",
            "data": "::(22_yiwen)",            
            "text": "22_yiwen"
        },{
            "icon": "emoji/BZ/22_daxiao.png",
            "data": "::(22_daxiao)",            
            "text": "22_daxiao"
        },{
            "icon": "emoji/BZ/33_han.png",
            "data": "::(33_han)",            
            "text": "33_han"
        },{
            "icon": "emoji/BZ/22_daku.png",
            "data": "::(22_daku)",            
            "text": "22_daku"
        },{
            "icon": "emoji/BZ/33_hecha.png",
            "data": "::(33_hecha)",            
            "text": "33_hecha"
        },{
            "icon": "emoji/BZ/33_no1.png",
            "data": "::(33_no1)",            
            "text": "33_no1"
        },{
            "icon": "emoji/BZ/22_yumen.png",
            "data": "::(22_yumen)",            
            "text": "22_yumen"
        },{
            "icon": "emoji/BZ/22_weiqu.png",
            "data": "::(22_weiqu)",            
            "text": "22_weiqu"
        },{
            "icon": "emoji/BZ/22_chijing.png",
            "data": "::(22_chijing)",            
            "text": "22_chijing"
        },{
            "icon": "emoji/BZ/33_maimeng.png",
            "data": "::(33_maimeng)",            
            "text": "33_maimeng"
        },{
            "icon": "emoji/BZ/33_yeah.png",
            "data": "::(33_yeah)",            
            "text": "33_yeah"
        },{
            "icon": "emoji/BZ/33_tuhun.png",
            "data": "::(33_tuhun)",            
            "text": "33_tuhun"
        },{
            "icon": "emoji/BZ/22_nu.png",
            "data": "::(22_nu)",            
            "text": "22_nu"
        },{
            "icon": "emoji/BZ/33_wuyan.png",
            "data": "::(33_wuyan)",            
            "text": "33_wuyan"
        },{
            "icon": "emoji/BZ/ds_xiao.png",
            "data": "::(ds_xiao)",            
            "text": "ds_xiao"
        },{
            "icon": "emoji/BZ/ds_han.png",
            "data": "::(ds_han)",            
            "text": "ds_han"
        },{
            "icon": "emoji/BZ/ds_fachou.png",
            "data": "::(ds_fachou)",            
            "text": "ds_fachou"
        },{
            "icon": "emoji/BZ/ds_duzui.png",
            "data": "::(ds_duzui)",            
            "text": "ds_duzui"
        },{
            "icon": "emoji/BZ/ds_haonua.png",
            "data": "::(ds_haonua)",            
            "text": "ds_haonua"
        },{
            "icon": "emoji/BZ/ds_zan.png",
            "data": "::(ds_zan)",            
            "text": "ds_zan"
        },{
            "icon": "emoji/BZ/ds_kuqi.png",
            "data": "::(ds_kuqi)",            
            "text": "ds_kuqi"
        },{
            "icon": "emoji/BZ/ds_chaping.png",
            "data": "::(ds_chaping)",            
            "text": "ds_chaping"
        },{
            "icon": "emoji/BZ/ds_chijing.png",
            "data": "::(ds_chijing)",            
            "text": "ds_chijing"
        },{
            "icon": "emoji/BZ/ds_kunhuo.png",
            "data": "::(ds_kunhuo)",            
            "text": "ds_kunhuo"
        },{
            "icon": "emoji/BZ/ds_xf.png",
            "data": "::(ds_xf)",            
            "text": "ds_xf"
        },{
            "icon": "emoji/BZ/ds_haixiu.png",
            "data": "::(ds_haixiu)",            
            "text": "ds_haixiu"
        },{
            "icon": "emoji/BZ/ds_ttlike.png",
            "data": "::(ds_ttlike)",            
            "text": "ds_ttlike"
        },{
            "icon": "emoji/BZ/ds_sisuo.png",
            "data": "::(ds_sisuo)",            
            "text": "ds_sisuo"
        },{
            "icon": "emoji/BZ/re_miao.png",
            "data": "::(re_miao)",            
            "text": "re_miao"
        },{
            "icon": "emoji/BZ/re_hai.png",
            "data": "::(re_hai)",            
            "text": "re_hai"
        },{
            "icon": "emoji/BZ/re_ynwl.png",
            "data": "::(re_ynwl)",            
            "text": "re_ynwl"
        },{
            "icon": "emoji/BZ/re_gaochan.png",
            "data": "::(re_gaochan)",            
            "text": "re_gaochan"
        },{
            "icon": "emoji/BZ/re_wkl.png",
            "data": "::(re_wkl)",            
            "text": "re_wkl"
        },{
            "icon": "emoji/BZ/re_bksn.png",
            "data": "::(re_bksn)",            
            "text": "re_bksn"
        },{
            "icon": "emoji/BZ/re_chui.png",
            "data": "::(re_chui)",            
            "text": "re_chui"
        },{
            "icon": "emoji/BZ/re_xiu.png",
            "data": "::(re_xiu)",            
            "text": "re_xiu"
        },{
            "icon": "emoji/BZ/re_nxp.png",
            "data": "::(re_nxp)",            
            "text": "re_nxp"
        },{
            "icon": "emoji/BZ/re_daka.png",
            "data": "::(re_daka)",            
            "text": "re_daka"
        },{
            "icon": "emoji/BZ/re_suan.png",
            "data": "::(re_suan)",            
            "text": "re_suan"
        },{
            "icon": "emoji/BZ/re_qgzs.png",
            "data": "::(re_qgzs)",            
            "text": "re_qgzs"
        },{
            "icon": "emoji/BZ/re_wtnl.png",
            "data": "::(re_wtnl)",            
            "text": "re_wtnl"
        },{
            "icon": "emoji/BZ/re_cb.png",
            "data": "::(re_cb)",            
            "text": "re_cb"
        },{
            "icon": "emoji/BZ/re_keyi.png",
            "data": "::(re_keyi)",            
            "text": "re_keyi"
        },{
            "icon": "emoji/BZ/re_olg.png",
            "data": "::(shakinghead)",            
            "text": "re_olg"
        },{
            "icon": "emoji/BZ/re_awsl.png",
            "data": "::(re_awsl)",            
            "text": "re_awsl"
        },{
            "icon": "emoji/BZ/re_zxa.png",
            "data": "::(re_zxa)",            
            "text": "re_zxa"
        },{
            "icon": "emoji/BZ/re_zsmq.png",
            "data": "::(re_zsmq)",            
            "text": "re_zsmq"
        },{
            "icon": "emoji/BZ/re_mnbk.png",
            "data": "::(re_mnbk)",            
            "text": "re_mnbk"
        }
    ]
},
"可爱猫猫": {
    "type": "image",
    "container": [
      {
        "icon": "emoji/maomao/1.webp",
        "data": "::(1)",        
        "text": "1"
      },
      {
        "icon": "emoji/maomao/2.webp",
        "data": "::(2)",             
        "text": "2"
      },
      {
        "icon": "emoji/maomao/3.webp",
        "data": "::(3)",             
        "text": "3"
      },
      {
        "icon": "emoji/maomao/4.webp",
        "data": "::(4)",             
        "text": "4"
      },
      {
        "icon": "emoji/maomao/5.webp",
         "data": "::(5)",        
        "text": "5"
      },
      {
        "icon": "emoji/maomao/6.webp",
         "data": "::(6)",        
        "text": "6"
      },
      {
        "icon": "emoji/maomao/7.webp",
         "data": "::(7)",        
        "text": "7"
      },
      {
        "icon": "emoji/maomao/8.webp",
         "data": "::(8)",
        "text": "8"
      },
      {
        "icon": "emoji/maomao/9.webp",
        "data": "::(9)",
        "text": "9"
      },
      {
        "icon": "emoji/maomao/10.webp",
        "data": "::(10)",
        "text": "10"
      },
      {
        "icon": "emoji/maomao/11.webp",
        "data": "::(11)",
        "text": "11"
      },
      {
        "icon": "emoji/maomao/12.webp",
        "data": "::(12)",
        "text": "12"
      },
      {
        "icon": "emoji/maomao/13.webp",
        "data": "::(13)",
        "text": "13"
      },
      {
        "icon": "emoji/maomao/14.webp",
        "data": "::(14)",
        "text": "14"
      },
      {
        "icon": "emoji/maomao/15.webp",
        "data": "::(15)",
        "text": "15"
      },
      {
        "icon": "emoji/maomao/16.webp",
        "data": "::(16)",
        "text": "16"
      },
      {
        "icon": "emoji/maomao/17.webp",
        "data": "::(17)",
        "text": "17"
      },
      {
        "icon": "emoji/maomao/18.webp",
        "data": "::(18)",
        "text": "18"
      },
      {
        "icon": "emoji/maomao/19.webp",
        "data": "::(19)",
        "text": "19"
      },
      {
        "icon": "emoji/maomao/20.webp",
        "data": "::(20)",
        "text": "20"
      }
    ]
}

}